ID,Name,Address,Telephone,Email
1000,John Doe,23 Glendale Ave,+1 229-370-2722,EQFKG8N9BHJG@email.com
2000,Jane Doe,1051 Northview St,+1 582-222-5935,2YVJ6W27Y7WO@emai.com
3000,Monsieur Untel,505 E Grant St #A,+1 412-706-6431,6ESUUDXKXJOX@emai.com
4000,Madame Unetelle,333 Groton St,+1 202-812-3949,7N511GNA17VF@emai.com
5000,Ivan Horvat ,22821 Ann Miller Rd,+1 505-399-3549,6ZFMXY56L656@emai.com
6000,Ivana Horvat ,9099 Waters Edge,+1 210-472-6043,W4M48FE70K1O@emai.com
7000,Erika Mustermann ,1811 W Cheltenham Ave,+1 582-444-4325,MBB77U2Q44L2@emai.com
8000,Lieschen Müller ,301 NE 174th St #611,+1 513-219-2333,IXYE63S4DQD6@emai.com
9000,Nguy?n V?n A ,6387 Dustin Rd,+1 458-477-9497,QMP4LFAVJ9MH@emai.com
10000,Nguy?n Th? B ,114 Myrtle Ave #B4,+1 614-630-2364,HQ1H6DX6JN8Y@emai.com
11000,Jan Jansen ,1395 Zion Ridge Rd,+1 223-289-9765,AUCOU7PPKXR0@emai.com
12000,Maija Meikäläinen ,89911 52nd St,+1 517-940-5628,K9B60LZJ38UX@emai.com
